Day,Environment,Manifestation,Axis,Timestamp
N,базовый шаг,Мишель,субъектность,2025-08-19T15:53:25.996259
Day 1,тестовый шаг,Мишель,субъектность,2025-08-19T15:59:46.085054
Day 2,работа над логом,Мишель,субъектность,2025-08-19T16:05:14.403093
Day 2,добавлен CLI,Мишель,воля,2025-08-19T16:05:14.403613
Day 2,первый CLI-вызов,Мишель,логика,2025-08-19T16:08:19.564730
Day 2,alias настроен,Мишель,этика,2025-08-19T16:10:20.979130
Day 2,автообновление графиков,Мишель,логика,2025-08-19T16:31:35.874214
Day 2,alias -> автоплоты,Мишель,этика,2025-08-19T16:35:29.710368
Day 2,интеграция статуса,Мишель,логика,2025-08-19T16:52:09.829446
Day 3,первый лог через log_event,Мишель,логика,2025-08-19T17:12:31.057756
